{
  "train_loss": [
    3.8821883631516374,
    3.4546630021363702,
    2.7095525676107517,
    2.1290575284979707,
    1.81625979355871,
    1.4758937739671232,
    1.269752287701011,
    1.0795907882585678,
    0.9712954924908601,
    0.8713951686972612,
    0.7606046995254622,
    0.662138042842769,
    0.6210634602561969,
    0.600715032267625,
    0.5360028648812929
  ],
  "train_accuracy": [
    0.02404298260807991,
    0.12777070701122284,
    0.28001850843429565,
    0.4486885964870453,
    0.5424621105194092,
    0.6614324450492859,
    0.6820312738418579,
    0.7466505765914917,
    0.7760747671127319,
    0.7899786829948425,
    0.8254996538162231,
    0.8560351729393005,
    0.8607028722763062,
    0.8628138303756714,
    0.8738972544670105
  ],
  "train_f1": [
    0.02257903851568699,
    0.10453027486801147,
    0.2566114068031311,
    0.41722536087036133,
    0.5108907222747803,
    0.6316783428192139,
    0.6624549627304077,
    0.7183594703674316,
    0.7621347904205322,
    0.7732067704200745,
    0.8141444325447083,
    0.8406409025192261,
    0.8504381775856018,
    0.8462843894958496,
    0.8659414649009705
  ],
  "test_loss": [
    3.6520473957061768,
    2.8726261765209595,
    2.0228708039468795,
    1.6725752015612019,
    1.4000147554411817,
    1.260194194850637,
    1.1148384716083755,
    1.0779167093447786,
    0.9974344866489296,
    0.994271610210191,
    0.9766197836221154,
    0.9605638954176832,
    0.9300543470169181,
    0.9707244316588587,
    0.9751885964799283
  ],
  "test_accuracy": [
    0.15146908164024353,
    0.28093552589416504,
    0.49960318207740784,
    0.5494089722633362,
    0.6235224604606628,
    0.6615670323371887,
    0.6865670084953308,
    0.6485477685928345,
    0.7225345373153687,
    0.7052600383758545,
    0.77040696144104,
    0.7290189266204834,
    0.746597409248352,
    0.740341067314148,
    0.7525244951248169
  ],
  "test_f1": [
    0.06292799115180969,
    0.2032095491886139,
    0.44721823930740356,
    0.4958842396736145,
    0.5922467708587646,
    0.6298424005508423,
    0.6507332921028137,
    0.62115877866745,
    0.6972049474716187,
    0.6822268962860107,
    0.7396770715713501,
    0.7095968127250671,
    0.719433605670929,
    0.7256008982658386,
    0.729506254196167
  ]
}